"PKPostId","SymbolFK","score"
"gvryca3","nflx","2.83333333333333"
"gvs9cic","nflx","2.57894736842105"
"gvsd5gx","nflx","0.211111111111111"
"gvse4u2","nflx","3"
"gvse6o9","nflx","0.211111111111111"
"gvsp4sy","nflx","0.211111111111111"
"gvulib7","ppl","0.997536945812808"
"gvumak3","tsla","-1.57142857142857"
"gvuriga","tsla","-3"
"gvutv5g","tsla","0.833333333333333"
"gvutv5g","stz","1"
"gvuxfvd","tsla","-2.45"
"gvuxzre","tsla","0.512820512820513"
"gvuxzre","stz","0.631578947368421"
"gvv3dez","tsla","-2"
"gvv5m6p","viac","1.25252525252525"
"gvv5m6p","viac","1.26"
"gvv5m6p","nflx","1.27093596059113"
"gvv5m6p","nflx","1.27450980392157"
"gvv5m6p","roku","1.2780487804878"
"gvv5m6p","viac","1.28155339805825"
"gvv5zgt","tsla","-2.09259259259259"
"gvva5eb","tsla","-1.4"
"gvvbain","amc","0.0222222222222222"
"gvvbgv6","nflx","0.50445632798574"
"gvvbjao","viac","1.27482678983834"
"gvvbjao","viac","1.28344671201814"
"gvvbjao","nflx","1.2967032967033"
"gvvbjao","nflx","1.30151843817787"
"gvvbjao","roku","1.30620985010707"
"gvvbjao","viac","1.3107822410148"
"gvvbkq6","amc","-0.909090909090909"
"gvvbq5k","amc","-0.758064516129032"
"gvvbwvo","amc","-0.777777777777778"
"gvvc708","amc","-0.222222222222222"
"gvvcbq9","tsla","-2"
"gvvedgc","mvis","-0.181818181818182"
"gvvedgc","mvis","0.8"
"gvvedgc","mvis","1.09090909090909"
"gvveew5","mvis","0"
"gvveew5","mvis","0.666666666666667"
"gvveew5","mvis","0.214285714285714"
"gvvehuh","amc","-0.314814814814815"
"gvvetzj","nflx","-0.445707070707071"
"gvvetzj","nflx","-0.619668246445498"
"gvvfb84","tsla","-2"
"gvvfbvq","amc","0.351851851851852"
"gvvfctw","amc","-0.563380281690141"
"gvvfh5q","amc","0.363636363636364"
"gvvfk8z","mvis","-0.181818181818182"
"gvvfk8z","mvis","0.8"
"gvvfk8z","mvis","1.09090909090909"
"gvvhlyi","mvis","0.230769230769231"
"gvvhlyi","mvis","0.6"
"gvvhlyi","mvis","0.705882352941177"
"gvvi37b","mvis","0.888888888888889"
"gvvi37b","mvis","0.957575757575758"
"gvvi37b","mvis","1.01935483870968"
"gvvi37b","tsla","1.05084745762712"
"gvvio5f","mvis","0.899470899470899"
"gvvio5f","mvis","0.961748633879781"
"gvvio5f","mvis","1.01734104046243"
"gvvio5f","tsla","1.05084745762712"
"gvvio5f","tsla","1.09178743961353"
"gvvji7x","tsla","-0.5"
"gvvkedm","mvis","0"
"gvvkedm","mvis","0.666666666666667"
"gvvkedm","mvis","1.28571428571429"
"gvvkv92","mvis","-0.181818181818182"
"gvvkv92","mvis","0.8"
"gvvkv92","mvis","1.09090909090909"
"gvvli1i","amc","-0.726027397260274"
"gvvlu5f","tsla","-0.333333333333333"
"gvvm19b","gme","0.0149136577708006"
"gvvm4lo","gme","-0.0219364599092284"
"gvvm4s9","gme","0.0506807866868381"
"gvvm892","gme","0.0149136577708006"
"gvvmiz9","amc","-1.34328358208955"
"gvvmlb5","amc","-0.71043771043771"
"gvvmoah","gme","0.0149136577708006"
"gvvmv42","gme","-0.0582450832072617"
"gvvmxp4","gme","0.0149136577708006"
"gvvn365","amc","0.274509803921569"
"gvvnd95","gme","0.0869894099848714"
"gvvnjb7","amc","-0.222222222222222"
"gvvno3a","mvis","0.947791164658635"
"gvvno3a","mvis","0.995884773662551"
"gvvno3a","mvis","1.03862660944206"
"gvvno3a","tsla","1.20379146919431"
"gvvnuzj","amc","-1.06046511627907"
"gvvo2mc","amc","-1.17105263157895"
"gvvo63x","gme","0.0149136577708006"
"gvvo6t1","mvis","0.230769230769231"
"gvvo6t1","mvis","0.6"
"gvvo6t1","mvis","0.705882352941177"
"gvvo95v","mvis","0"
"gvvo95v","mvis","0.666666666666667"
"gvvo95v","mvis","0.428571428571429"
"gvvoegs","gme","0.012417823228634"
"gvvofop","gme","0.153396639883126"
"gvvofvn","mvis","-0.181818181818182"
"gvvofvn","mvis","0.8"
"gvvofvn","mvis","1.09090909090909"
"gvvohcl","mvis","0"
"gvvohcl","mvis","0.666666666666667"
"gvvohcl","mvis","0.642857142857143"
"gvvok27","gme","-0.263696128560993"
"gvvol9q","mvis","0"
"gvvol9q","mvis","0.136363636363636"
"gvvol9q","mvis","0.176470588235294"
"gvvomre","mvis","-0.181818181818182"
"gvvomre","mvis","0.8"
"gvvomre","mvis","1.09090909090909"
"gvvopwm","mvis","-0.181818181818182"
"gvvopwm","mvis","0.8"
"gvvopwm","mvis","1.09090909090909"
"gvvoxu4","mvis","0.18"
"gvvoxu4","mvis","0.340909090909091"
"gvvoxu4","mvis","0.441176470588235"
"gvvp6wm","gme","0.0149136577708006"
"gvvp9i8","amc","-1.34328358208955"
"gvvpe3f","gme","0.0149136577708006"
"gvvpg62","mvis","0.384615384615385"
"gvvpg62","mvis","0.8"
"gvvpg62","mvis","1.17647058823529"
"gvvpgtp","mvis","0.230769230769231"
"gvvpgtp","mvis","0.6"
"gvvpgtp","mvis","0.705882352941177"
"gvvpi7q","amc","-0.675609756097561"
"gvvpi7q","amc","-0.603896103896104"
"gvvq0a8","mvis","-0.1"
"gvvq0a8","mvis","0.285714285714286"
"gvvq0a8","mvis","0.125"
"gvvq6wr","mvis","-0.0333333333333333"
"gvvq6wr","mvis","0.0740740740740741"
"gvvq6wr","mvis","0.0909090909090909"
"gvvq8h1","amc","-0.852713178294574"
"gvvqn3q","gme","-0.094553706505295"
"gvvr209","gme","0.0149136577708006"
"gvvr42m","gme","0.0149136577708006"
"gvvr5iy","mvis","-0.181818181818182"
"gvvr5iy","mvis","0.8"
"gvvr5iy","mvis","1.09090909090909"
"gvvs4gh","mvis","-0.181818181818182"
"gvvs4gh","mvis","0.8"
"gvvs4gh","mvis","1.09090909090909"
"gvvsagb","amc","-0.724770642201835"
"gvvsh2r","mvis","0"
"gvvsh2r","mvis","0.666666666666667"
"gvvsh2r","mvis","0.214285714285714"
"gvvsknj","amc","-1.47368421052632"
"gvvsqpu","amc","-0.114754098360656"
"gvvsqpu","amc","0.283950617283951"
"gvvsv95","mvis","0"
"gvvsv95","mvis","0.666666666666667"
"gvvsv95","mvis","0.642857142857143"
"gvvsy82","mvis","0"
"gvvsy82","mvis","0.666666666666667"
"gvvsy82","mvis","1.07142857142857"
"gvvtrmh","tsla","-2.28571428571429"
"gvvu8p1","mvis","0.2"
"gvvu8p1","mvis","0.714285714285714"
"gvvu8p1","mvis","0.75"
"gvvui9y","mvis","0.181818181818182"
"gvvui9y","mvis","0.444444444444444"
"gvvui9y","mvis","0.705882352941177"
"gvvulov","tsla","0.111111111111111"
"gvvup8h","tsla","-2.44444444444444"
"gvvupsw","gme","-0.094553706505295"
"gvvuvjo","gme","0.0149136577708006"
"gvvuwyv","gme","0.0149136577708006"
"gvvuy6v","gme","0.0869894099848714"
"gvvv0u5","gme","-0.0582450832072617"
"gvvvh41","mvis","-0.181818181818182"
"gvvvh41","mvis","0.8"
"gvvvh41","mvis","1.09090909090909"
"gvvvorz","gme","0.0506807866868381"
"gvvvqch","mvis","0"
"gvvvqch","mvis","0.666666666666667"
"gvvvqch","mvis","1.5"
"gvvvuse","mvis","-0.181818181818182"
"gvvvuse","mvis","0.8"
"gvvvuse","mvis","1.09090909090909"
"gvvvy5t","gme","-0.308219178082192"
"gvvw2ug","gme","0.0467494521548576"
"gvvw4db","mvis","0"
"gvvw4db","mvis","0.666666666666667"
"gvvw4db","mvis","1.5"
"gvvw9ig","mvis","0"
"gvvw9ig","mvis","0.666666666666667"
"gvvw9ig","mvis","1.07142857142857"
"gvvwfpg","mvis","0.230769230769231"
"gvvwfpg","mvis","0.6"
"gvvwfpg","mvis","0.705882352941177"
"gvvwkqu","gme","0.0506807866868381"
"gvvwqgq","gme","0.203424657534247"
"gvvwtsy","mvis","0.0769230769230769"
"gvvwtsy","mvis","0.4"
"gvvwtsy","mvis","0.823529411764706"
"gvvx92z","gme","0.0149136577708006"
"gvvx98x","gme","0.0417808219178082"
"gvvxlnh","amc","-0.836363636363636"
"gvvxons","gme","0.138962765957447"
"gvvxth5","gme","0.138962765957447"
"gvvxvli","mvis","0.2"
"gvvxvli","mvis","0.714285714285714"
"gvvxvli","mvis","0.75"
"gvvy2yw","mvis","0"
"gvvy2yw","mvis","0.666666666666667"
"gvvy2yw","mvis","1.07142857142857"
"gvvy7dr","gme","0.217194570135747"
"gvvyrgz","gme","0.0467494521548576"
"gvvz0v2","mvis","0"
"gvvz0v2","mvis","0.666666666666667"
"gvvz0v2","mvis","1.09090909090909"
"gvvz0v2","tsla","1.07692307692308"
"gvvz4pg","gme","0.0149136577708006"
"gvvzbd6","gme","0.0149136577708006"
"gvvzece","amc","-1.34328358208955"
"gvvzszn","gme","0.0467494521548576"
"gvw01v2","gme","-0.134308510638298"
"gvw02vw","gme","0.0506807866868381"
"gvw03jn","mvis","-0.181818181818182"
"gvw03jn","mvis","0.8"
"gvw03jn","mvis","1.09090909090909"
"gvw0f0e","gme","-0.094553706505295"
"gvw0f53","gme","0.0995475113122172"
"gvw0j6i","amc","-0.587155963302752"
"gvw0jzb","gme","-0.12226148409894"
"gvw0thh","gme","0.0995475113122172"
"gvw11ay","mvis","0"
"gvw11ay","mvis","0.136363636363636"
"gvw11ay","mvis","0.176470588235294"
"gvw1d5c","gme","-0.210526315789474"
"gvw1d5c","gme","-0.234042553191489"
"gvw1ia8","gme","-0.130862329803328"
"gvw1ncw","amc","-0.847222222222222"
"gvw1r5e","mvis","-0.120481927710843"
"gvw1r5e","mvis","-0.051948051948052"
"gvw1r5e","mvis","-0.0597014925373134"
"gvw2fet","tsla","0.615384615384615"
"gvw2fet","stz","0.842105263157895"
"gvw2j5i","amc","-0.313725490196078"
"gvw3kr8","gme","0.0869894099848714"
"gvw3sgq","mvis","0"
"gvw3sgq","mvis","0.666666666666667"
"gvw3sgq","mvis","0.214285714285714"
"gvw3zks","mvis","0"
"gvw3zks","mvis","0.666666666666667"
"gvw3zks","mvis","0.428571428571429"
"gvw4437","gme","-0.142465753424658"
"gvw4btl","mvis","-0.181818181818182"
"gvw4btl","mvis","0.8"
"gvw4btl","mvis","1.09090909090909"
"gvw4euh","mvis","0"
"gvw4euh","mvis","0.666666666666667"
"gvw4euh","mvis","0.642857142857143"
"gvw4jsq","mvis","0.05"
"gvw4jsq","mvis","0.5"
"gvw4jsq","mvis","0.3125"
"gvw4lr9","gme","0.0869894099848714"
"gvw5626","mvis","0"
"gvw5626","mvis","0.666666666666667"
"gvw5626","mvis","1.71428571428571"
"gvw5hxk","mvis","0.05"
"gvw5hxk","mvis","0.5"
"gvw5hxk","mvis","0.3125"
"gvw67p7","mvis","0"
"gvw67p7","mvis","0.666666666666667"
"gvw67p7","mvis","0.214285714285714"
"gvw6b4h","gme","0.203424657534247"
"gvw6ey2","gme","0.203424657534247"
"gvw6h7p","gme","0.123298033282905"
"gvw6m26","gme","0.0149136577708006"
"gvw7c8x","gme","0.000598802395209581"
"gvw7dbk","tsla","-2.13636363636364"
"gvw7dwv","gme","0.0149136577708006"
"gvw7fgu","amc","-0.717213114754098"
"gvw802z","mvis","0"
"gvw802z","mvis","0.666666666666667"
"gvw802z","mvis","1.28571428571429"
"gvw80x3","gme","-0.0403587443946188"
"gvw8271","mvis","-0.181818181818182"
"gvw8271","mvis","0.8"
"gvw8271","mvis","1.09090909090909"
"gvw84oo","gme","0.000598802395209581"
"gvw8cdo","gme","-0.094553706505295"
"gvw8n8n","tsla","-2"
"gvw8net","gme","-0.157597173144876"
"gvw9326","tsla","-0.5"
"gvw9eai","nflx","0.587542087542088"
"gvwac2w","gme","-0.0582450832072617"
"gvwau86","mvis","0.888888888888889"
"gvwau86","mvis","0.957575757575758"
"gvwau86","mvis","1.01935483870968"
"gvwau86","tsla","1.05084745762712"
"gvwaw5h","tsla","0.833333333333333"
"gvwaw5h","stz","1"
"gvwbqm3","mvis","0"
"gvwbqm3","mvis","0.666666666666667"
"gvwbqm3","mvis","1.28571428571429"
"gvwbrgk","gme","-0.253003533568905"
"gvwbv56","mvis","0"
"gvwbv56","mvis","0.666666666666667"
"gvwbv56","mvis","1.28571428571429"
"gvwcaik","mvis","0"
"gvwcaik","mvis","0.666666666666667"
"gvwcaik","mvis","0.428571428571429"
"gvwcc6u","mvis","0.05"
"gvwcc6u","mvis","0.5"
"gvwcc6u","mvis","0.3125"
"gvwcf0q","mvis","0.105263157894737"
"gvwcf0q","mvis","0.615384615384615"
"gvwcf0q","mvis","1.38461538461538"
"gvwcf0q","tsla","1.68421052631579"
"gvwd4iw","amc","-1.1906976744186"
"gvwdg20","mvis","0.195121951219512"
"gvwdg20","mvis","0.4"
"gvwdg20","mvis","0.56"
"gvwdj4j","mvis","0"
"gvwdj4j","mvis","0.666666666666667"
"gvwdj4j","mvis","1.28571428571429"
"gvwe0ov","gme","0.0149136577708006"
"gvwexbm","gme","0.151935719503287"
"gvwf62a","amc","-1.06046511627907"
"gvwfdlu","mvis","0.307692307692308"
"gvwfdlu","mvis","0.7"
"gvwfdlu","mvis","0.882352941176471"
"gvwfzc0","mvis","0.346153846153846"
"gvwfzc0","mvis","0.75"
"gvwfzc0","mvis","1.29411764705882"
"gvwg22m","mvis","0.272727272727273"
"gvwg22m","mvis","0.555555555555556"
"gvwg22m","mvis","0.882352941176471"
"gvwkkgs","mvis","0.05"
"gvwkkgs","mvis","0.5"
"gvwkkgs","mvis","0.3125"
"gvwmmpo","gme","-0.125088339222615"
"gvwnuuh","gme","-0.049469964664311"
"gvwnv7d","tsla","-2.2"
"gvwqi54","tsla","0.5"
"gvwrppm","mvis","-0.181818181818182"
"gvwrppm","mvis","0.8"
"gvwrppm","mvis","1.09090909090909"
"gvwt8f7","mvis","0"
"gvwt8f7","mvis","0.666666666666667"
"gvwt8f7","mvis","0.642857142857143"
"gvwteyl","amc","-0.577777777777778"
"gvwuvtx","amc","-0.722222222222222"
"gvww7bn","huya","3"
"gvwygin","gme","0.0995475113122172"
"gvwzb2t","mvis","0"
"gvwzb2t","mvis","0.666666666666667"
"gvwzb2t","mvis","0.642857142857143"
"gvx08m3","tsla","-0.333333333333333"
"gvx1lqg","amzn","1.30790006752194"
"gvx1oku","mvis","-0.120481927710843"
"gvx1oku","mvis","-0.051948051948052"
"gvx1oku","mvis","-0.0597014925373134"
"gvx1tv1","amzn","1.30208333333333"
"gvx1xkf","amzn","1.30790006752194"
"gvx227n","amzn","1.29773869346734"
"gvx26qe","amzn","1.31394533987386"
"gvx2aql","mvis","0"
"gvx2aql","mvis","0.666666666666667"
"gvx2aql","mvis","1.07142857142857"
"gvx2inm","gme","0.0149136577708006"
"gvx2pla","mvis","0.307692307692308"
"gvx2pla","mvis","0.7"
"gvx2pla","mvis","0.882352941176471"
"gvx2tvp","huya","1"
"gvx2tvp","doyu","1"
"gvx2tvp","huya","1.33333333333333"
"gvx2tvp","tme","1.6"
"gvx3zba","amzn","1.31394533987386"
"gvx42in","amzn","1.30790006752194"
"gvx4km4","amzn","1.30790006752194"
"gvx4lm7","amzn","1.30338541666667"
"gvx4nqh","amzn","1.28831658291457"
"gvx57rq","amzn","1.31394533987386"
"gvx58tc","amzn","1.30790006752194"
"gvx5d0z","mvis","0"
"gvx5d0z","mvis","0.666666666666667"
"gvx5d0z","mvis","1.28571428571429"
"gvx5ioa","gme","0.176047904191617"
"gvx5rjr","amzn","1.29396984924623"
"gvx5tec","amzn","1.31394533987386"
"gvx671s","amzn","1.30208333333333"
"gvx69bp","amzn","1.30338541666667"
"gvx69bz","amzn","1.30790006752194"
"gvx6lxf","amzn","1.31394533987386"
"gvx6mcq","ubs","-0.88230117698823"
"gvx70mx","amzn","1.31394533987386"
"gvx7n05","amzn","1.30790006752194"
"gvx7t8z","amzn","1.30790006752194"
"gvx7tz6","ubs","-0.874866538543669"
"gvx7vgz","amzn","1.30338541666667"
"gvx84vx","mvis","0.346153846153846"
"gvx84vx","mvis","0.75"
"gvx84vx","mvis","1.29411764705882"
"gvx87ia","amzn","1.30790006752194"
"gvx8fni","amzn","1.30338541666667"
"gvx8myd","amzn","1.31394533987386"
"gvx8o4q","mvis","0"
"gvx8o4q","mvis","0.666666666666667"
"gvx8o4q","mvis","1.5"
"gvx95ac","amzn","1.30790006752194"
"gvx9bje","amzn","1.31394533987386"
"gvx9c4y","mvis","0"
"gvx9c4y","mvis","0.666666666666667"
"gvx9c4y","mvis","0.642857142857143"
"gvx9dqm","ubs","-0.878521889900303"
"gvx9nyb","amzn","1.27895694360218"
"gvx9rz3","amc","-0.349206349206349"
"gvx9urn","amzn","1.31394533987386"
"gvx9v5i","ubs","-0.88230117698823"
"gvxa2ao","ubs","-0.878521889900303"
"gvxa793","gme","-0.142465753424658"
"gvxa8nv","amc","-0.692592592592593"
"gvxa9az","mvis","0"
"gvxa9az","mvis","0.666666666666667"
"gvxa9az","mvis","1.07142857142857"
"gvxa9rn","amzn","1.30790006752194"
"gvxacw5","mvis","0.05"
"gvxacw5","mvis","0.5"
"gvxacw5","mvis","0.3125"
"gvxada7","amzn","1.2874469375379"
"gvxajmj","amzn","1.2874469375379"
"gvxamep","amzn","1.30790006752194"
"gvxaob0","ubs","-0.874866538543669"
"gvxavze","amzn","1.30790006752194"
"gvxay64","amzn","1.30790006752194"
"gvxc2f8","amzn","1.30338541666667"
"gvxc5x9","amzn","1.30790006752194"
"gvxcess","amzn","1.30790006752194"
"gvxcrvr","ubs","-0.878521889900303"
"gvxczwl","ubs","-0.88230117698823"
"gvxd0x4","amzn","1.30208333333333"
"gvxd63x","amzn","1.31394533987386"
"gvxe72g","ubs","-0.864500306560392"
"gvxe87p","amzn","1.30790006752194"
"gvxemtq","twtr","1.45054945054945"
"gvxev9w","twtr","0.894230769230769"
"gvxey97","amzn","1.30790006752194"
"gvxf1br","mvis","0"
"gvxf1br","mvis","0.666666666666667"
"gvxf1br","mvis","0.642857142857143"
"gvxf2rm","amzn","1.30338541666667"
"gvxf38y","twtr","1.45054945054945"
"gvxf8yj","amzn","1.30338541666667"
"gvxfilc","ubs","-0.864500306560392"
"gvxfk7q","ubs","-0.874332692718343"
"gvxfr0g","amzn","1.30078125"
"gvxft4f","amzn","1.30790006752194"
"gvxfyeq","twtr","1.79310344827586"
"gvxg3mf","amzn","1.30013020833333"
"gvxgaqf","twtr","0.482758620689655"
"gvxgdbo","amzn","1.30790006752194"
"gvxge2j","amzn","1.30790006752194"
"gvxgenl","mvis","0.346153846153846"
"gvxgenl","mvis","0.75"
"gvxgenl","mvis","1.29411764705882"
"gvxgzfn","gme","-0.0555149744338934"
"gvxh1p6","amzn","1.30790006752194"
"gvxh5hr","twtr","0.769230769230769"
"gvxh5hr","mvis","0.679245283018868"
"gvxheo1","amzn","1.30790006752194"
"gvxhol5","ubs","-0.871330878485008"
"gvxi0z6","twtr","0.769230769230769"
"gvxia4d","twtr","1.01923076923077"
"gvxia4d","riot","0.962264150943396"
"gvxig9i","twtr","1.64423076923077"
"gvxikvv","twtr","1.45054945054945"
"gvximvt","amzn","1.30790006752194"
"gvxiz8s","mvis","-0.181818181818182"
"gvxiz8s","mvis","0.8"
"gvxiz8s","mvis","1.09090909090909"
"gvxj5qo","amzn","1.27895694360218"
"gvxjdsn","ubs","-0.878521889900303"
"gvxkeic","twtr","0.894230769230769"
"gvxkfcf","amc","-2"
"gvxkgdg","xm","0.945054945054945"
"gvxkgdg","xm","0.921348314606742"
"gvxkgdg","xm","0.607843137254902"
"gvxkqw0","amc","-3"
"gvxkuwb","ubs","-0.874973307708734"
"gvxl5do","xm","0.893129770992366"
"gvxl5do","xm","0.875968992248062"
"gvxl5do","xm","0.430894308943089"
"gvxl5do","xm","0.383458646616541"
"gvxm1rg","amzn","1.30790006752194"
"gvxm569","amzn","1.28865979381443"
"gvxmqbl","twtr","1.35344827586207"
"gvxmu78","mvis","-0.0422535211267606"
"gvxmu78","mvis","0.0461538461538462"
"gvxmu78","mvis","0.0545454545454545"
"gvxmuv0","amzn","1.31394533987386"
"gvxn5xn","amzn","1.30790006752194"
"gvxn8m8","xm","1.10714285714286"
"gvxn8m8","xm","1.07407407407407"
"gvxn9fn","ubs","-0.878521889900303"
"gvxnja9","twtr","0.993150684931507"
"gvxnxfn","ubs","-0.88230117698823"
"gvxo47m","amzn","1.31394533987386"
"gvxoah7","amzn","1.30790006752194"
"gvxogcp","ubs","-0.878521889900303"
"gvxom9p","tsla","-2.13636363636364"
"gvxomcw","twtr","1.40944881889764"
"gvxon02","twtr","1.35344827586207"
"gvxoskz","twtr","0.482758620689655"
"gvxoxq6","amc","-0.222222222222222"
"gvxp0uf","twtr","1.45054945054945"
"gvxp8dq","xm","0.948717948717949"
"gvxp8dq","xm","0.921052631578947"
"gvxp8dq","xm","-0.159090909090909"
"gvxpl6z","twtr","1.45054945054945"
"gvxpr2w","mvis","0"
"gvxpr2w","mvis","0.666666666666667"
"gvxpr2w","mvis","1.07142857142857"
"gvxpr5a","twtr","0.894230769230769"
"gvxptkj","amzn","1.30790006752194"
"gvxq9xt","amzn","1.30013020833333"
"gvxqakv","twtr","1.06299212598425"
"gvxqgnc","xm","0.805825242718447"
"gvxqgnc","xm","0.782178217821782"
"gvxqgnc","xm","-0.211009174311927"
"gvxr58q","ubs","-0.878521889900303"
"gvxrfp9","ubs","-0.88230117698823"
"gvxrv5o","amzn","1.29585427135678"
"gvxt5nn","amzn","1.31394533987386"
"gvxtb93","amzn","1.30790006752194"
"gvxtdft","amzn","1.31394533987386"
"gvxtll5","ocgn","1.68421052631579"
"gvxtll5","ocgn","1.61290322580645"
"gvxu08l","amzn","1.302734375"
"gvxu0i2","xm","0.877777777777778"
"gvxu0i2","xm","0.852272727272727"
"gvxu0i2","xm","-0.131313131313131"
"gvxubm9","ocgn","1.68421052631579"
"gvxubm9","ocgn","1.61290322580645"
"gvxutbs","ubs","-0.88230117698823"
"gvxuu2t","xm","0.514018691588785"
"gvxuu2t","xm","0.5"
"gvxuu2t","xm","-0.0802919708029197"
"gvxuu2t","xm","-0.0355329949238579"
"gvxuu2t","xm","-0.004739336492891"
"gvxv9e1","ocgn","1.62962962962963"
"gvxv9e1","ocgn","1.51351351351351"
"gvxvbdk","twtr","1.45054945054945"
"gvxvetl","amzn","1.30790006752194"
"gvxvnny","ubs","-0.88230117698823"
"gvxvtt7","amzn","1.30790006752194"
"gvxwhgu","ubs","-0.878521889900303"
"gvxwq1j","ubs","-0.878521889900303"
"gvxwtyf","twtr","1.48275862068966"
"gvxxews","twtr","0.52755905511811"
"gvxxlux","amzn","1.30208333333333"
"gvxxm1w","amzn","1.30338541666667"
"gvxxvxs","twtr","1.45054945054945"
"gvxxw0b","ubs","-0.88230117698823"
"gvxxx3q","ubs","-0.88230117698823"
"gvxy0hk","amzn","1.29962311557789"
"gvxydi6","amzn","1.31394533987386"
"gvxyndh","amzn","1.30338541666667"
"gvy0bs6","xm","0.877777777777778"
"gvy0bs6","xm","0.852272727272727"
"gvy0bs6","xm","-0.131313131313131"
"gvy0ix8","ubs","-0.88230117698823"
"gvy0pwn","amzn","1.298828125"
"gvy0sfw","ocgn","1.68421052631579"
"gvy0sfw","ocgn","1.61290322580645"
"gvy0sxr","amc","-0.545454545454545"
"gvy0tng","sumo","0"
"gvy0x62","sumo","-3"
"gvy0x62","sumo","-3"
"gvy0yp4","ocgn","1.62962962962963"
"gvy0yp4","ocgn","2"
"gvy0yra","sumo","-1.33333333333333"
"gvy0yra","sumo","2"
"gvy1ijx","amzn","1.31394533987386"
"gvy1t1z","ubs","-0.88230117698823"
"gvy1ynb","amzn","1.30790006752194"
"gvy2i4q","ocgn","1.62962962962963"
"gvy2i4q","ocgn","1.51351351351351"
"gvy2k4b","amzn","1.30790006752194"
"gvy2u4g","twtr","1.45054945054945"
"gvy3b1k","ocgn","1.63888888888889"
"gvy3b1k","ocgn","1.02380952380952"
"gvy49dj","sumo","-0.6"
"gvy4m8j","twtr","1.04310344827586"
"gvy4nnn","sumo","-3"
"gvy4nnn","sumo","-3"
"gvy4oht","twtr","1.45054945054945"
"gvy52ip","mvis","0"
"gvy52ip","mvis","0.666666666666667"
"gvy52ip","mvis","1.28571428571429"
"gvy747m","amzn","1.30338541666667"
"gvy7egy","xm","0.877777777777778"
"gvy7egy","xm","0.852272727272727"
"gvy7egy","xm","-0.131313131313131"
"gvy7x54","xm","1.01492537313433"
"gvy7x54","xm","0.984615384615385"
"gvy7zzf","twtr","0.769230769230769"
"gvy8h0r","twtr","1.45054945054945"
"gvy8h0r","ocgn","1.45054945054945"
"gvy8lbh","twtr","1.45054945054945"
"gvy8lbh","cvac","1.45054945054945"
"gvy8lbh","cvac","1.45054945054945"
"gvy8v4c","gme","0.0995475113122172"
"gvy9z5z","twtr","1.45054945054945"
"gvyb5hh","ubs","-0.878521889900303"
"gvybtpl","sndl","-1"
"gvyc7q9","apha","0.683544303797468"
"gvyc7q9","tlry","0.683544303797468"
"gvyc7q9","apha","0.675324675324675"
"gvyc7q9","tlry","0.666666666666667"
"gvyc7q9","apha","0.603174603174603"
"gvyc7q9","tlry","0.825396825396825"
"gvyc7q9","tlry","0.986666666666667"
"gvyc7q9","apha","1.01298701298701"
"gvyc7q9","tlry","1.0379746835443"
"gvyc7q9","apha","1.06172839506173"
"gvycmdf","apha","0.693181818181818"
"gvycmdf","tlry","0.693181818181818"
"gvycmdf","apha","0.686046511627907"
"gvycmdf","tlry","0.678571428571429"
"gvycmdf","apha","0.625"
"gvycmdf","tlry","0.772727272727273"
"gvycmdf","tlry","0.869047619047619"
"gvycmdf","apha","0.875"
"gvycmdf","tlry","0.880434782608696"
"gvycmdf","apha","0.885416666666667"
"gvycnjr","ubs","-0.88230117698823"
"gvycslj","twtr","1.45054945054945"
"gvyd2g3","apha","0.683544303797468"
"gvyd2g3","tlry","0.683544303797468"
"gvyd2g3","apha","0.675324675324675"
"gvyd2g3","tlry","0.666666666666667"
"gvyd2g3","apha","0.603174603174603"
"gvyd2g3","tlry","0.825396825396825"
"gvyd2g3","tlry","0.986666666666667"
"gvyd2g3","apha","1.01298701298701"
"gvyd2g3","tlry","1.0379746835443"
"gvyd2g3","apha","1.06172839506173"
"gvyd2o6","ubs","-0.878521889900303"
"gvydeic","ubs","-0.878521889900303"
"gvydeic","twtr","-0.3813307904217"
"gvydhfl","amzn","1.31394533987386"
"gvyduw5","apha","0.683544303797468"
"gvyduw5","tlry","0.683544303797468"
"gvyduw5","apha","0.675324675324675"
"gvyduw5","tlry","0.666666666666667"
"gvyduw5","apha","0.603174603174603"
"gvyduw5","tlry","0.761904761904762"
"gvyduw5","tlry","0.853333333333333"
"gvyduw5","apha","0.857142857142857"
"gvyduw5","tlry","0.860759493670886"
"gvyduw5","apha","0.864197530864197"
"gvyepln","amzn","1.30790006752194"
"gvyf9cb","ocgn","1.68421052631579"
"gvyf9cb","ocgn","1.61290322580645"
"gvyfpsq","amzn","1.30790006752194"
"gvyfpwa","ubs","-0.88230117698823"
"gvyg0bm","ubs","-0.841519131924614"
"gvyglbu","amzn","1.30403645833333"
"gvygzl8","ubs","-0.88230117698823"
"gvyhy5x","twtr","1.51923076923077"
"gvyigr4","amzn","1.31394533987386"
"gvyiuqo","twtr","1.45054945054945"
"gvyjc9n","ocgn","1.03571428571429"
"gvyjc9n","ocgn","1.03571428571429"
"gvyjc9n","pfe","0.971428571428571"
"gvyjtq6","ocgn","1.02857142857143"
"gvyjtq6","ocgn","1.02857142857143"
"gvyjtq6","pfe","1.34883720930233"
"gvyjwwl","twtr","1.45054945054945"
"gvyjx8z","ocgn","1.02857142857143"
"gvyjx8z","ocgn","1.02857142857143"
"gvyjx8z","pfe","0.976744186046512"
"gvykadx","ocgn","1.03571428571429"
"gvykadx","ocgn","1.03571428571429"
"gvykadx","pfe","0.971428571428571"
"gvykg35","apha","0.676056338028169"
"gvykg35","tlry","0.676056338028169"
"gvykg35","apha","0.666666666666667"
"gvykg35","tlry","0.656716417910448"
"gvykg35","apha","0.581818181818182"
"gvykg35","tlry","0.745762711864407"
"gvykg35","tlry","0.830769230769231"
"gvykg35","apha","0.830769230769231"
"gvykg35","tlry","0.830769230769231"
"gvykg35","apha","0.830769230769231"
"gvyki1e","ocgn","1.03571428571429"
"gvyki1e","ocgn","1.03571428571429"
"gvyki1e","pfe","0.971428571428571"
"gvyki68","ocgn","1.02857142857143"
"gvyki68","ocgn","1.02857142857143"
"gvyki68","pfe","0.971428571428571"
"gvyki68","pfe","0.971428571428571"
"gvykkid","ocgn","1.03571428571429"
"gvykkid","ocgn","1.03571428571429"
"gvykkid","pfe","0.971428571428571"
"gvykmsm","twtr","1.14423076923077"
"gvyknso","apha","0.676056338028169"
"gvyknso","tlry","0.676056338028169"
"gvyknso","apha","0.666666666666667"
"gvyknso","tlry","0.656716417910448"
"gvyknso","apha","0.581818181818182"
"gvyknso","tlry","0.745762711864407"
"gvyknso","tlry","0.830769230769231"
"gvyknso","apha","0.830769230769231"
"gvyknso","tlry","0.830769230769231"
"gvyknso","apha","0.830769230769231"
"gvyl21l","ocgn","1.03571428571429"
"gvyl21l","ocgn","1.03571428571429"
"gvyl21l","pfe","0.971428571428571"
"gvyl9oa","ocgn","1.02857142857143"
"gvyl9oa","ocgn","1.02857142857143"
"gvyl9oa","pfe","0.976744186046512"
"gvyl9y9","ocgn","1.03571428571429"
"gvyl9y9","ocgn","1.03571428571429"
"gvyl9y9","pfe","0.971428571428571"
"gvylcy3","apha","0.683544303797468"
"gvylcy3","tlry","0.683544303797468"
"gvylcy3","apha","0.675324675324675"
"gvylcy3","tlry","0.666666666666667"
"gvylcy3","apha","0.603174603174603"
"gvylcy3","tlry","0.761904761904762"
"gvylcy3","tlry","0.853333333333333"
"gvylcy3","apha","0.857142857142857"
"gvylcy3","tlry","0.860759493670886"
"gvylcy3","apha","0.864197530864197"
"gvyll4r","twtr","1.45054945054945"
"gvym7l4","yelp","1"
"gvym9wg","ocgn","1.02857142857143"
"gvym9wg","ocgn","1.02857142857143"
"gvym9wg","pfe","0.976744186046512"
"gvymajy","twtr","0.905172413793103"
"gvymd39","ocgn","0.75"
"gvymd39","ocgn","0.75"
"gvymd39","pfe","-0.767857142857143"
"gvymfym","amzn","1.30338541666667"
"gvymmrz","tsla","-1"
"gvymmrz","tsla","-1"
"gvymmrz","tsla","-1"
"gvymn9n","ocgn","1.02857142857143"
"gvymn9n","ocgn","1.02857142857143"
"gvymn9n","pfe","0.971428571428571"
"gvymn9n","pfe","0.971428571428571"
"gvymxs9","tsla","-1"
"gvymxs9","tsla","-1"
"gvymxs9","tsla","2.33333333333333"
"gvyn2nh","tsla","-1"
"gvyn2nh","tsla","-1"
"gvyn2nh","tsla","-1"
"gvyn697","twtr","1.45054945054945"
"gvyn8m5","tsla","-1"
"gvyn8m5","tsla","-1"
"gvyn8m5","tsla","-1"
"gvyna0k","tsla","-1"
"gvyna0k","tsla","-1"
"gvyna0k","tsla","2.33333333333333"
"gvynhch","ocgn","1.09803921568627"
"gvynhch","ocgn","1.09803921568627"
"gvynhch","pfe","1.55102040816327"
"gvynhch","pfe","1.70909090909091"
"gvyo1m4","xm","0.945652173913043"
"gvyo1m4","xm","0.922222222222222"
"gvyo7pc","ocgn","1.04651162790698"
"gvyo7pc","ocgn","1.04651162790698"
"gvyo7pc","pfe","1.14"
"gvyoe3y","amzn","1.31394533987386"
"gvyoh9z","ocgn","1.02857142857143"
"gvyoh9z","ocgn","1.02857142857143"
"gvyoh9z","pfe","0.976744186046512"
"gvyojyt","tsla","-1"
"gvyojyt","tsla","-1"
"gvyojyt","tsla","-1"
"gvyors3","ubs","-0.878521889900303"
"gvyozm3","twtr","0.482758620689655"
"gvyp6ud","tsla","-1"
"gvyp6ud","tsla","-1"
"gvyp6ud","tsla","1"
"gvyp9b4","tsla","-1"
"gvyp9b4","tsla","-1"
"gvyp9b4","tsla","-1"
"gvype2q","ocgn","0.961538461538462"
"gvype2q","ocgn","0.961538461538462"
"gvype2q","pfe","0.5"
"gvyq4vh","tsla","-1"
"gvyq4vh","tsla","-1"
"gvyq4vh","tsla","-0.5"
"gvyq60l","ocgn","1.02857142857143"
"gvyq60l","ocgn","1.02857142857143"
"gvyq60l","pfe","0.976744186046512"
"gvyqdds","ocgn","0.813559322033898"
"gvyqdds","ocgn","0.813559322033898"
"gvyqdds","pfe","-0.104166666666667"
"gvyqdds","pfe","-0.326923076923077"
"gvyqdds","ocgn","-0.603448275862069"
"gvyqh5o","ocgn","0.783333333333333"
"gvyqh5o","ocgn","0.783333333333333"
"gvyqh5o","pfe","-0.203703703703704"
"gvyqh5o","ocgn","-0.515625"
"gvyqrkh","tsla","-1"
"gvyqrkh","tsla","-1"
"gvyqrkh","tsla","-2.33333333333333"
"gvyqvdr","ubs","-0.88230117698823"
"gvyrnlt","ubs","-0.88230117698823"
"gvyrnmk","apha","0.704081632653061"
"gvyrnmk","tlry","0.704081632653061"
"gvyrnmk","apha","0.697916666666667"
"gvyrnmk","tlry","0.691489361702128"
"gvyrnmk","apha","0.646341463414634"
"gvyrnmk","tlry","0.772727272727273"
"gvyrnmk","tlry","0.869047619047619"
"gvyrnmk","apha","0.875"
"gvyrnmk","tlry","0.880434782608696"
"gvyrnmk","apha","0.885416666666667"
"gvyrnmk","tlry","0.892156862745098"
"gvyrovw","amzn","1.31394533987386"
"gvyrxpj","ocgn","1.03571428571429"
"gvyrxpj","ocgn","1.03571428571429"
"gvyrxpj","pfe","0.971428571428571"
"gvys3af","ocgn","0.976744186046512"
"gvys3af","ocgn","0.976744186046512"
"gvys3af","pfe","0.24"
"gvys62f","ubs","-0.88230117698823"
"gvysx7k","ubs","-0.88230117698823"
"gvytc5x","ocgn","0.967741935483871"
"gvytc5x","ocgn","0.967741935483871"
"gvytc5x","pfe","0.852459016393443"
"gvytduw","ocgn","1.02380952380952"
"gvytduw","ocgn","1.02380952380952"
"gvytduw","pfe","0.976190476190476"
"gvytduw","pfe","0.977272727272727"
"gvythpb","amzn","1.29714978775015"
"gvytj5k","tsla","-1"
"gvytj5k","tsla","-1"
"gvytj5k","tsla","-1"
"gvytmox","ocgn","1.03571428571429"
"gvytmox","ocgn","1.03571428571429"
"gvytmox","pfe","0.971428571428571"
"gvytofk","tsla","-1.2"
"gvytofk","tsla","-1.33333333333333"
"gvytofk","tsla","-2"
"gvyu7qi","tsla","-1"
"gvyu7qi","tsla","-1"
"gvyu7qi","tsla","-1.5"
"gvyu7qi","tsla","-1.75"
"gvyuf4c","ubs","-0.84397226173542"
"gvyuf4c","ubs","-0.64119804400978"
"gvyul6p","apha","0.676056338028169"
"gvyul6p","tlry","0.676056338028169"
"gvyul6p","apha","0.666666666666667"
"gvyul6p","tlry","0.656716417910448"
"gvyul6p","apha","0.581818181818182"
"gvyul6p","tlry","0.745762711864407"
"gvyul6p","tlry","0.830769230769231"
"gvyul6p","apha","0.830769230769231"
"gvyul6p","tlry","0.830769230769231"
"gvyul6p","apha","0.830769230769231"
"gvyv4w2","ocgn","1.01923076923077"
"gvyv4w2","ocgn","1.01923076923077"
"gvyv4w2","pfe","1.30357142857143"
"gvyw7ks","apha","0.712962962962963"
"gvyw7ks","tlry","0.712962962962963"
"gvyw7ks","apha","0.707547169811321"
"gvyw7ks","tlry","0.701923076923077"
"gvyw7ks","apha","0.66304347826087"
"gvyw7ks","tlry","0.772727272727273"
"gvyw7ks","tlry","0.869047619047619"
"gvyw7ks","apha","0.875"
"gvyw7ks","tlry","0.880434782608696"
"gvyw7ks","apha","0.885416666666667"
"gvyw7ks","tlry","0.892156862745098"
"gvyw7ks","tlry","0.892156862745098"
"gvywd0e","tsla","-1"
"gvywd0e","tsla","-1"
"gvywd0e","tsla","-1"
"gvywx44","amzn","1.2645125958379"
"gvywx44","wen","0.597921225382932"
"gvyxuxl","tsla","-3"
"gvyxuxl","nio","-3"
"gvyy3mq","twtr","0.894230769230769"
"gvyyxaj","tsla","1"
"gvyyyxx","tsla","-1"
"gvyyyxx","tsla","-1"
"gvyyyxx","tsla","-2.33333333333333"
"gvyzaxe","tsla","-4"
"gvyzek7","tsla","-3"
"gvyzek7","nio","-3"
"gvyzek7","nio","-3"
"gvz039r","tsla","2"
"gvz0aap","tsla","1.33333333333333"
"gvz0ksl","tsla","-1"
"gvz0ood","tsla","-1"
"gvz0ood","tsla","-1"
"gvz0ood","tsla","-1"
"gvz0ood","tsla","-1"
"gvz1b35","amzn","1.30790006752194"
"gvz1s8t","amzn","1.30790006752194"
"gvz2463","apha","0.711409395973154"
"gvz2463","tlry","0.711409395973154"
"gvz2463","apha","0.707482993197279"
"gvz2463","tlry","0.703448275862069"
"gvz2463","apha","0.676691729323308"
"gvz2463","tlry","0.742268041237113"
"gvz2463","tlry","0.637362637362637"
"gvz2463","apha","0.545454545454545"
"gvz2463","tlry","0.467289719626168"
"gvz2463","apha","0.4"
"gvz2463","tlry","0.210526315789474"
"gvz2463","tlry","0.145985401459854"
"gvz2463","apha","0.0851063829787234"
"gvz2463","tlry","0.0275862068965517"
"gvz29r6","tsla","3"
"gvz2n6d","apha","0.636363636363636"
"gvz2n6d","tlry","0.636363636363636"
"gvz2n6d","apha","0.627906976744186"
"gvz2n6d","tlry","0.619047619047619"
"gvz2n6d","apha","0.555555555555556"
"gvz2n6d","tlry","0.515151515151515"
"gvz2n6d","tlry","0.380952380952381"
"gvz2n6d","apha","0.318181818181818"
"gvz2n6d","tlry","0.260869565217391"
"gvz2n6d","apha","0.208333333333333"
"gvz2p6c","tsla","-1"
"gvz2p6c","tsla","-1"
"gvz2p6c","tsla","-1"
"gvz3ezx","amzn","1.29411764705882"
"gvz3wqg","tsla","-4"
"gvz4onm","apha","0.683544303797468"
"gvz4onm","tlry","0.683544303797468"
"gvz4onm","apha","0.675324675324675"
"gvz4onm","tlry","0.666666666666667"
"gvz4onm","apha","0.603174603174603"
"gvz4onm","tlry","0.825396825396825"
"gvz4onm","tlry","0.986666666666667"
"gvz4onm","apha","1.01298701298701"
"gvz4onm","tlry","1.0379746835443"
"gvz4onm","apha","1.06172839506173"
"gvz58db","tsla","-1"
"gvz58db","tsla","-1"
"gvz58db","tsla","-1"
"gvz6mej","gme","1"
"gvz7inb","oust","2"
"gvz7l9e","twtr","1.39423076923077"
"gvz89cc","twtr","1.45054945054945"
"gvz8jyo","twtr","1.45054945054945"
"gvz9c1l","ubs","-0.878521889900303"
"gvz9t5w","ubs","-0.844644014443107"
"gvzaauy","twtr","0.948275862068966"
"gvzb8t9","amc","0.5"
"gvzb8t9","amc","-0.6"
"gvzb8t9","amc","-1.28571428571429"
"gvzbbbs","amc","0.272727272727273"
"gvzbbbs","amc","-0.6"
"gvzbbbs","amc","-0.454545454545455"
"gvzbcbo","amc","0.266666666666667"
"gvzbcbo","amc","-0.222222222222222"
"gvzbcbo","amc","0.571428571428571"
"gvzbdwu","viac","-3.33333333333333"
"gvzbiaq","viac","1"
"gvzbk22","twtr","0.793103448275862"
"gvzbp8z","twtr","1.45054945054945"
"gvzbw6s","amc","0.272727272727273"
"gvzbw6s","amc","-0.6"
"gvzbw6s","amc","-2.63636363636364"
"gvzbwz1","amc","-0.157894736842105"
"gvzbwz1","amc","-0.692307692307692"
"gvzbwz1","amc","-1.15384615384615"
"gvzbwz1","amc","-0.789473684210526"
"gvzcsdg","twtr","0.769230769230769"
"gvzctx5","twtr","1.45054945054945"
"gvzcv6u","amc","0.272727272727273"
"gvzcv6u","amc","-0.6"
"gvzcv6u","amc","-1.28571428571429"
"gvzcv6u","amc","-1.28571428571429"
"gvzcymu","twtr","1.76923076923077"
"gvzczau","twtr","0.246575342465753"
"gvzczqu","twtr","1.45054945054945"
"gvzdm7j","tsla","-3"
"gvzdm7j","tsla","-3"
"gvzdp68","tsla","-2.5"
"gvzdp68","tsla","-2.5"
"gvze1jh","twtr","1.45054945054945"
"gvze6mx","twtr","1.14423076923077"
"gvzeff1","tsla","-3"
"gvzeff1","tsla","-3"
"gvzeff1","tsla","-3"
"gvzekiz","twtr","1.39423076923077"
"gvzf340","tsla","-2.66666666666667"
"gvzf340","tsla","-2.66666666666667"
"gvzfeao","tsla","-1.77777777777778"
"gvzfeao","tsla","-1.77777777777778"
"gvzfeao","tsla","-1.53846153846154"
"gvzfokx","twtr","1.45054945054945"
"gvzg4dn","twtr","1.45054945054945"
"gvzga4p","twtr","1.45054945054945"
"gvzgb8f","amc","0.5"
"gvzgb8f","amc","-0.6"
"gvzgb8f","amc","-1.28571428571429"
"gvzgtwf","twtr","1.45054945054945"
"gvzgxep","amc","0.5"
"gvzgxep","amc","-0.6"
"gvzgxep","amc","-1.28571428571429"
"gvzh3f9","amc","0.272727272727273"
"gvzh3f9","amc","-0.6"
"gvzh3f9","amc","-1.90909090909091"
"gvzhfx9","amc","0.272727272727273"
"gvzhfx9","amc","-0.6"
"gvzhfx9","amc","-2.27272727272727"
"gvzhjvm","amc","0.5"
"gvzhjvm","amc","-0.6"
"gvzhjvm","amc","-1.28571428571429"
"gvzhnbi","amc","0.272727272727273"
"gvzhnbi","amc","-0.6"
"gvzhnbi","amc","-0.454545454545455"
"gvzhnou","twtr","1.45054945054945"
"gvzi4ee","amc","0.272727272727273"
"gvzi4ee","amc","-0.6"
"gvzi4ee","amc","-2.27272727272727"
"gvzi620","tsla","-0.8"
"gvzi620","tsla","-0.8"
"gvzi94m","amc","0.166666666666667"
"gvzi94m","amc","-0.25"
"gvzi94m","amc","-0.0833333333333333"
"gvzi94m","amc","0.3125"
"gvzi9wg","tsla","2"
"gvzidmf","amc","0.153846153846154"
"gvzidmf","amc","-0.1"
"gvzidmf","amc","-0.294117647058824"
"gvzihhs","amc","0.272727272727273"
"gvzihhs","amc","-0.6"
"gvzihhs","amc","-1.28571428571429"
"gvzihhs","amc","-1.28571428571429"
"gvzixc6","amc","0.473684210526316"
"gvzixc6","amc","0.230769230769231"
"gvzixc6","amc","0.384615384615385"
"gvzixc6","amc","0.473684210526316"
"gvzj6pf","twtr","0.492063492063492"
"gvzj6pf","gme","0.289855072463768"
"gvzjak1","amc","0.166666666666667"
"gvzjak1","amc","-0.25"
"gvzjak1","amc","-0.0833333333333333"
"gvzjak1","amc","0.3125"
"gvzjeds","amc","-0.36"
"gvzjeds","amc","-0.478260869565217"
"gvzjeds","amc","-0.593220338983051"
"gvzjeds","amc","-0.6"
"gvzjhyy","amc","0.5"
"gvzjhyy","amc","-0.6"
"gvzjhyy","amc","-1.28571428571429"
"gvzjm5c","amc","0.111111111111111"
"gvzjm5c","amc","-0.333333333333333"
"gvzjm5c","amc","0.333333333333333"
"gvzjm5c","amc","1"
"gvzjqe3","amc","-0.133333333333333"
"gvzjqe3","amc","-0.888888888888889"
"gvzjqe3","amc","-1.57142857142857"
"gvzjs63","tsla","-1"
"gvzjs63","tsla","-1"
"gvzjs63","tsla","-1"
"gvzjsc1","twtr","1.45054945054945"
"gvzjvxe","twtr","1.45054945054945"
"gvzjwc0","twtr","1.12068965517241"
"gvzjyzv","mvis","1"
"gvzjzp0","twtr","1.01923076923077"
"gvzk1z9","mvis","1"
"gvzk2bn","tsla","-1"
"gvzk2bn","tsla","-1"
"gvzk2bn","tsla","-1"
"gvzk469","twtr","1.45054945054945"
"gvzk4no","twtr","1.01923076923077"
"gvzk8ek","amc","0.5"
"gvzk8ek","amc","-0.6"
"gvzk8ek","amc","-1.28571428571429"
"gvzkch2","amc","0.272727272727273"
"gvzkch2","amc","-0.6"
"gvzkch2","amc","-1.28571428571429"
"gvzkch2","amc","-1.28571428571429"
"gvzkcn4","mvis","1"
"gvzkpev","amc","-0.0666666666666667"
"gvzkpev","amc","-0.777777777777778"
"gvzkpev","amc","-1.92857142857143"
"gvzkq4y","mvis","1"
"gvzl5pn","mvis","1"
"gvzlalb","amc","-2"
"gvzlny6","twtr","1.51923076923077"
"gvzlpdp","twtr","1.39423076923077"
"gvzlwlb","twtr","1.14423076923077"
"gvzm9bv","mvis","1"
"gvzmnm1","ubs","-0.878521889900303"
"gvzmp5c","ubs","-0.88230117698823"
"gvzmpqd","twtr","1.45054945054945"
"gvzmrzg","mvis","1"
"gvzmtii","mvis","1"
"gvzmvww","mvis","1"
"gvzn4s5","mvis","0.785714285714286"
"gvznbkj","amc","0.5"
"gvznbkj","amc","-0.6"
"gvznbkj","amc","-1.28571428571429"
"gvzneuh","mvis","0.4"
"gvznfuf","mvis","0.885714285714286"
"gvznm32","twtr","1.45054945054945"
"gvznqhn","twtr","1.40909090909091"
"gvznr3c","mvis","0.555555555555556"
"gvzo0j4","apha","0.683544303797468"
"gvzo0j4","tlry","0.683544303797468"
"gvzo0j4","apha","0.675324675324675"
"gvzo0j4","tlry","0.666666666666667"
"gvzo0j4","apha","0.603174603174603"
"gvzo0j4","tlry","0.745762711864407"
"gvzo0j4","tlry","0.830769230769231"
"gvzo0j4","apha","0.830769230769231"
"gvzo0j4","tlry","0.830769230769231"
"gvzo0j4","apha","0.830769230769231"
"gvzo0j4","apha","0.830769230769231"
"gvzo1zb","amc","0.5"
"gvzo1zb","amc","-0.6"
"gvzo1zb","amc","-1.28571428571429"
"gvzobou","twtr","1.51923076923077"
"gvzocus","tsla","-1"
"gvzocus","tsla","-1"
"gvzocus","tsla","-1"
"gvzoh85","mvis","1"
"gvzoor8","mvis","1"
"gvzosan","mvis","1"
"gvzosih","mvis","0.0930232558139535"
"gvzosih","tsla","-1.02857142857143"
"gvzosih","gme","-1.02857142857143"
"gvzotc3","mvis","1"
"gvzpejt","tsla","-3"
"gvzpejt","tsla","-3"
"gvzpjdq","ubs","-0.88230117698823"
"gvzpkcx","mvis","1"
"gvzplsh","tlry","1.44545454545455"
"gvzplsh","tlry","1.44135802469136"
"gvzplsh","apha","1.440625"
"gvzplsh","tlry","1.43987341772152"
"gvzplsh","tlry","1.43464052287582"
"gvzplsh","tlry","1.42808219178082"
"gvzplsh","apha","1.42605633802817"
"gvzplsh","tlry","1.42391304347826"
"gvzplsh","tlry","1.42164179104478"
"gvzplsh","tlry","1.38942307692308"
"gvzplsh","tlry","1.38990825688073"
"gvzplsh","tlry","1.38934426229508"
"gvzplsh","apha","1.37755102040816"
"gvzplsh","tlry","1.29054054054054"
"gvzplsh","apha","1.29555555555556"
"gvzpt7l","tlry","1.42964824120603"
"gvzpt7l","tlry","1.42602040816327"
"gvzpt7l","apha","1.42525773195876"
"gvzpt7l","tlry","1.42447916666667"
"gvzpt7l","tlry","1.41978609625668"
"gvzpt7l","tlry","1.41388888888889"
"gvzpt7l","apha","1.41193181818182"
"gvzpt7l","tlry","1.40988372093023"
"gvzpt7l","tlry","1.4077380952381"
"gvzpt7l","tlry","1.3804347826087"
"gvzpt7l","tlry","1.38429752066116"
"gvzpt7l","tlry","1.38461538461538"
"gvzpt7l","apha","1.3687707641196"
"gvzpt7l","tlry","1.27388535031847"
"gvzpt7l","apha","1.2776617954071"
"gvzpt7l","tlry","1.28256513026052"
"gvzpt7l","apha","1.28256513026052"
"gvzptjv","mvis","1"
"gvzpyj6","amc","0.5"
"gvzpyj6","amc","-0.6"
"gvzpyj6","amc","-1.28571428571429"
"gvzpyt1","mvis","1"
"gvzpzeu","twtr","0.0844155844155844"
"gvzqb29","tlry","1.45307443365696"
"gvzqb29","tlry","1.44884488448845"
"gvzqb29","apha","1.44816053511706"
"gvzqb29","tlry","1.44745762711864"
"gvzqb29","tlry","1.44210526315789"
"gvzqb29","tlry","1.43542435424354"
"gvzqb29","apha","1.43346007604563"
"gvzqb29","tlry","1.43137254901961"
"gvzqb29","tlry","1.42914979757085"
"gvzqb29","tlry","1.39572192513369"
"gvzqb29","tlry","1.38425925925926"
"gvzqb29","tlry","1.37916666666667"
"gvzqb29","apha","1.36013986013986"
"gvzqb29","tlry","1.24278846153846"
"gvzqb29","apha","1.2452380952381"
"gvzqdlr","tlry","1.45307443365696"
"gvzqdlr","tlry","1.44884488448845"
"gvzqdlr","apha","1.44816053511706"
"gvzqdlr","tlry","1.44745762711864"
"gvzqdlr","tlry","1.44210526315789"
"gvzqdlr","tlry","1.43542435424354"
"gvzqdlr","apha","1.43346007604563"
"gvzqdlr","tlry","1.43137254901961"
"gvzqdlr","tlry","1.42914979757085"
"gvzqdlr","tlry","1.39572192513369"
"gvzqdlr","tlry","1.38425925925926"
"gvzqdlr","tlry","1.37916666666667"
"gvzqdlr","apha","1.36013986013986"
"gvzqdlr","tlry","1.24278846153846"
"gvzqdlr","apha","1.2452380952381"
"gvzqkqz","twtr","1.45054945054945"
"gvzqo71","tlry","1.44545454545455"
"gvzqo71","tlry","1.44135802469136"
"gvzqo71","apha","1.440625"
"gvzqo71","tlry","1.43987341772152"
"gvzqo71","tlry","1.43464052287582"
"gvzqo71","tlry","1.42808219178082"
"gvzqo71","apha","1.42605633802817"
"gvzqo71","tlry","1.42391304347826"
"gvzqo71","tlry","1.42164179104478"
"gvzqo71","tlry","1.38942307692308"
"gvzqo71","tlry","1.38073394495413"
"gvzqo71","tlry","1.37295081967213"
"gvzqo71","apha","1.35034013605442"
"gvzqo71","tlry","1.22747747747748"
"gvzqo71","apha","1.22888888888889"
"gvzqxhi","tlry","1.44545454545455"
"gvzqxhi","tlry","1.44135802469136"
"gvzqxhi","apha","1.440625"
"gvzqxhi","tlry","1.43987341772152"
"gvzqxhi","tlry","1.43464052287582"
"gvzqxhi","tlry","1.42808219178082"
"gvzqxhi","apha","1.42605633802817"
"gvzqxhi","tlry","1.42391304347826"
"gvzqxhi","tlry","1.42164179104478"
"gvzqxhi","tlry","1.38942307692308"
"gvzqxhi","tlry","1.38425925925926"
"gvzqxhi","tlry","1.37916666666667"
"gvzqxhi","apha","1.36013986013986"
"gvzqxhi","tlry","1.24278846153846"
"gvzqxhi","apha","1.2452380952381"
"gvzqxhi","tlry","1.24647887323944"
"gvzr3vh","mvis","0.555555555555556"
"gvzr5se","amc","1"
"gvzrafb","tlry","1.44"
"gvzrafb","tlry","1.43631436314363"
"gvzrafb","apha","1.43561643835616"
"gvzrafb","tlry","1.43490304709141"
"gvzrafb","tlry","1.43019943019943"
"gvzrafb","tlry","1.42433234421365"
"gvzrafb","apha","1.42249240121581"
"gvzrafb","tlry","1.42056074766355"
"gvzrafb","tlry","1.4185303514377"
"gvzrafb","tlry","1.39130434782609"
"gvzrafb","tlry","1.3972602739726"
"gvzrafb","tlry","1.39759036144578"
"gvzrafb","apha","1.38762214983713"
"gvzrafb","tlry","1.3158953722334"
"gvzrafb","apha","1.32149901380671"
"gvzrcyq","amc","0.0666666666666667"
"gvzrcyq","amc","-0.555555555555556"
"gvzrcyq","amc","-1.35714285714286"
"gvzrgxc","mvis","0.376623376623377"
"gvzrjrn","twtr","1.39423076923077"
"gvzrma3","amc","0.5"
"gvzrma3","amc","-0.6"
"gvzrma3","amc","-1.28571428571429"
"gvzrpo1","gme","1"
"gvzrpw2","amc","0.5"
"gvzrpw2","amc","-0.6"
"gvzrpw2","amc","-1.28571428571429"
"gvzs862","tlry","1.39325842696629"
"gvzs862","tlry","1.38952164009112"
"gvzs862","apha","1.38850574712644"
"gvzs862","tlry","1.38747099767981"
"gvzs862","tlry","1.38242280285036"
"gvzs862","tlry","1.37592137592138"
"gvzs862","apha","1.3734335839599"
"gvzs862","tlry","1.37084398976982"
"gvzs862","tlry","1.36814621409922"
"gvzs862","tlry","1.3374613003096"
"gvzs862","tlry","1.3356401384083"
"gvzs862","tlry","1.33579335793358"
"gvzs862","apha","1.28938906752412"
"gvzs862","tlry","1.08872458410351"
"gvzs862","apha","1.08288288288288"
"gvzs862","tlry","1.06091370558376"
"gvzs9dd","amc","0.272727272727273"
"gvzs9dd","amc","-0.6"
"gvzs9dd","amc","-1.54545454545455"
"gvzsiqt","mvis","0.885714285714286"
"gvzsr1v","amc","0.166666666666667"
"gvzsr1v","amc","-0.25"
"gvzsr1v","amc","-0.0833333333333333"
"gvzsr1v","amc","0.3125"
"gvzssv9","tlry","1.45307443365696"
"gvzssv9","tlry","1.44884488448845"
"gvzssv9","apha","1.44816053511706"
"gvzssv9","tlry","1.44745762711864"
"gvzssv9","tlry","1.44210526315789"
"gvzssv9","tlry","1.43542435424354"
"gvzssv9","apha","1.43346007604563"
"gvzssv9","tlry","1.43137254901961"
"gvzssv9","tlry","1.42914979757085"
"gvzssv9","tlry","1.39572192513369"
"gvzssv9","tlry","1.38425925925926"
"gvzssv9","tlry","1.37916666666667"
"gvzssv9","apha","1.36013986013986"
"gvzssv9","tlry","1.24278846153846"
"gvzssv9","apha","1.2452380952381"
"gvzste5","twtr","1.39423076923077"
"gvzsuob","gme","1"
"gvzsy3z","twtr","1.20472440944882"
"gvzt6ex","twtr","1.76923076923077"
"gvzte73","tsla","-3.33333333333333"
"gvztfm5","mvis","0.555555555555556"
"gvzthq7","tlry","1.45307443365696"
"gvzthq7","tlry","1.44884488448845"
"gvzthq7","apha","1.44816053511706"
"gvzthq7","tlry","1.44745762711864"
"gvzthq7","tlry","1.44210526315789"
"gvzthq7","tlry","1.43542435424354"
"gvzthq7","apha","1.43346007604563"
"gvzthq7","tlry","1.43137254901961"
"gvzthq7","tlry","1.42914979757085"
"gvzthq7","tlry","1.39572192513369"
"gvzthq7","tlry","1.38425925925926"
"gvzthq7","tlry","1.37916666666667"
"gvzthq7","apha","1.36013986013986"
"gvzthq7","tlry","1.24278846153846"
"gvzthq7","apha","1.2452380952381"
"gvztyai","nio","-4"
"gvztyai","nio","-4"
"gvzu1gd","amc","0.166666666666667"
"gvzu1gd","amc","-0.25"
"gvzu1gd","amc","-0.0833333333333333"
"gvzu1gd","amc","0.3125"
"gvzu871","amc","-0.0238095238095238"
"gvzu871","amc","-0.194444444444444"
"gvzu871","amc","-0.346153846153846"
"gvzu871","amc","-0.35"
"gvzu871","amc","-0.6875"
"gvzufgj","amc","0.217391304347826"
"gvzufgj","amc","-0.0588235294117647"
"gvzufgj","amc","-0.0833333333333333"
"gvzufgj","amc","0.3125"
"gvzufgj","amc","0.590909090909091"
"gvzuvz9","tlry","1.45307443365696"
"gvzuvz9","tlry","1.44884488448845"
"gvzuvz9","apha","1.44816053511706"
"gvzuvz9","tlry","1.44745762711864"
"gvzuvz9","tlry","1.44210526315789"
"gvzuvz9","tlry","1.43542435424354"
"gvzuvz9","apha","1.43346007604563"
"gvzuvz9","tlry","1.43137254901961"
"gvzuvz9","tlry","1.42914979757085"
"gvzuvz9","tlry","1.39572192513369"
"gvzuvz9","tlry","1.38425925925926"
"gvzuvz9","tlry","1.37916666666667"
"gvzuvz9","apha","1.36013986013986"
"gvzuvz9","tlry","1.24278846153846"
"gvzuvz9","apha","1.2452380952381"
"gvzv0ct","amc","0.272727272727273"
"gvzv0ct","amc","-0.6"
"gvzv0ct","amc","-1.28571428571429"
"gvzv0ct","amc","-1.28571428571429"
"gvzvbpk","amc","0.5"
"gvzvbpk","amc","-0.6"
"gvzvbpk","amc","-1.28571428571429"
"gvzvcsy","amc","0.5"
"gvzvcsy","amc","-0.6"
"gvzvcsy","amc","-1.28571428571429"
"gvzvn4c","tlry","1.44545454545455"
"gvzvn4c","tlry","1.44135802469136"
"gvzvn4c","apha","1.440625"
"gvzvn4c","tlry","1.43987341772152"
"gvzvn4c","tlry","1.43464052287582"
"gvzvn4c","tlry","1.42808219178082"
"gvzvn4c","apha","1.42605633802817"
"gvzvn4c","tlry","1.42391304347826"
"gvzvn4c","tlry","1.42164179104478"
"gvzvn4c","tlry","1.38942307692308"
"gvzvn4c","tlry","1.38073394495413"
"gvzvn4c","tlry","1.37295081967213"
"gvzvn4c","apha","1.35034013605442"
"gvzvn4c","tlry","1.22747747747748"
"gvzvn4c","apha","1.22888888888889"
"gvzvoup","tsla","1.4"
"gvzvtky","nflx","0.84375"
"gvzvy5r","tlry","1.45307443365696"
"gvzvy5r","tlry","1.44884488448845"
"gvzvy5r","apha","1.44816053511706"
"gvzvy5r","tlry","1.44745762711864"
"gvzvy5r","tlry","1.44210526315789"
"gvzvy5r","tlry","1.43542435424354"
"gvzvy5r","apha","1.43346007604563"
"gvzvy5r","tlry","1.43137254901961"
"gvzvy5r","tlry","1.42914979757085"
"gvzvy5r","tlry","1.39572192513369"
"gvzvy5r","tlry","1.38425925925926"
"gvzvy5r","tlry","1.37916666666667"
"gvzvy5r","apha","1.36013986013986"
"gvzvy5r","tlry","1.24278846153846"
"gvzvy5r","apha","1.2452380952381"
"gvzvyjo","amc","1"
"gvzw08j","tsla","1.4"
"gvzw0mb","tsla","1.4"
"gvzwadh","mvis","1.17241379310345"
"gvzwadh","tsla","1.17647058823529"
"gvzwadh","gme","0.842105263157895"
"gvzwadh","pltr","0.571428571428571"
"gvzwadh","nkla","0.347826086956522"
"gvzwadh","ocgn","0.16"
"gvzwadh","riot","0"
"gvzwadh","nio","0"
"gvzwadh","amc","0"
"myg8yx","twtr","1.45054945054945"
"mykdxp","mvis","-0.181818181818182"
"mykdxp","mvis","0.8"
"mykdxp","mvis","1.09090909090909"
"myloui","gme","0.0149136577708006"
"myu6q2","twtr","1.45054945054945"
"myvben","amzn","1.31394533987386"
"mywbjd","ubs","-0.88230117698823"
"myyiyl","xm","1.10714285714286"
"myyiyl","xm","1.07407407407407"
"mz368j","apha","0.676056338028169"
"mz368j","tlry","0.676056338028169"
"mz368j","apha","0.666666666666667"
"mz368j","tlry","0.656716417910448"
"mz368j","apha","0.581818181818182"
"mz368j","tlry","0.745762711864407"
"mz368j","tlry","0.830769230769231"
"mz368j","apha","0.830769230769231"
"mz368j","tlry","0.830769230769231"
"mz368j","apha","0.830769230769231"
"mz4c2i","ocgn","1.03571428571429"
"mz4c2i","ocgn","1.03571428571429"
"mz4c2i","pfe","0.971428571428571"
"mz4x5v","tsla","-1"
"mz4x5v","tsla","-1"
"mz4x5v","tsla","-1"
"mz8zwj","amc","0.5"
"mz8zwj","amc","-0.6"
"mz8zwj","amc","-1.28571428571429"
"mzaijn","mvis","1"
"mzbdjf","tlry","1.45307443365696"
"mzbdjf","tlry","1.44884488448845"
"mzbdjf","apha","1.44816053511706"
"mzbdjf","tlry","1.44745762711864"
"mzbdjf","tlry","1.44210526315789"
"mzbdjf","tlry","1.43542435424354"
"mzbdjf","apha","1.43346007604563"
"mzbdjf","tlry","1.43137254901961"
"mzbdjf","tlry","1.42914979757085"
"mzbdjf","tlry","1.39572192513369"
"mzbdjf","tlry","1.38425925925926"
"mzbdjf","tlry","1.37916666666667"
"mzbdjf","apha","1.36013986013986"
"mzbdjf","tlry","1.24278846153846"
"mzbdjf","apha","1.2452380952381"
